Location,Soil_Type,Temperature,Rainfall,Humidity,Wind_Speed,Sunlight_Hours,Soil_Nutrient_Level,Fertilizer_Use,Crop_Yield
Alisonmouth,Peaty,31.78694001,124.8196418,57.98928959,7.409815475,12.62384473,4,0,20.25617295
Rogerhaven,Loam,23.46560999,95.10896736,40.19708885,13.22955376,9.454392293,3,0,80.79248083
Morrisonstad,Loam,33.21009537,80.43418238,59.85555299,18.43971366,5.066017039,3,1,87.41888138
Cohenborough,Sandy,22.12409423,115.749685,45.35326507,10.04826906,13.67488278,3,1,46.43199879
New Christophertown,Peaty,18.25995634,72.00398691,79.273729,19.80963708,13.29873884,2,1,23.41408287
North Jonathanbury,Peaty,38.62885472,90.64578344,34.94013959,8.966857478,14.69796788,2,0,41.31484247
Robertborough,Sandy,29.04585921,84.1865827,55.28208531,19.09763932,5.836094083,1,1,50.36129296
Jacobshaven,Loam,22.31217868,172.8561778,65.65590436,4.364105124,9.360789873,4,0,68.76691845
Lake Alejandra,Loam,30.65074664,93.93551192,83.37193441,11.92750595,11.76896722,4,0,54.43147175
Port Zacharyhaven,Clay,17.39989208,67.87573047,71.05764424,17.93272212,13.94786172,4,1,17.33918282
Campbelltown,Clay,18.70044959,182.5003734,33.51005917,8.661921213,11.86596732,3,0,87.15873506
South Jasonport,Peaty,26.82322042,59.8090493,65.91937915,3.924906843,14.3060806,1,0,30.46537488
Jenkinsside,Loam,17.76369642,141.8368096,83.73314569,6.657689218,12.21140001,3,1,22.84841891
West Philip,Peaty,21.32406673,50.05826992,78.95544161,8.001312306,,1,1,61.39260573
New Garychester,Loam,28.19518001,121.2969717,55.10024058,14.66921873,13.52477575,2,0,58.58656265
Lake Rickeytown,Peaty,21.95814489,71.92049156,42.04728988,18.97313372,6.627113751,3,1,57.92499389
Bryanchester,Clay,34.77818563,170.9820761,75.8255312,5.866529608,11.35500128,1,1,32.01834059
South Vincentfort,Clay,27.8801017,186.6655818,36.69534068,23.73994461,7.118270881,4,0,53.81964
Kathrynside,Sandy,33.87200833,119.035504,81.72127171,18.68799772,7.553137438,4,1,54.35138458
Garyhaven,Loam,31.01923505,176.0964148,39.01757607,7.904741955,10.87729957,4,1,20.37518208
Smithfort,Loam,30.98644004,113.4940588,85.74034718,3.254993164,6.958044927,1,0,90.89653381
South Brian,Clay,36.63624059,155.1687208,56.31969935,0.202975752,9.204671179,4,0,41.03378109
Port Apriltown,Sandy,26.87666408,199.3183152,43.96201379,24.35293528,9.016628334,4,0,68.55716512
Keyhaven,Sandy,23.62837638,189.7564242,64.21287965,24.95242747,8.948636276,2,1,63.81082809
Port Cassandrafort,Sandy,38.08606212,,38.30413222,3.240430765,10.02057951,3,1,59.13211322
New Jenniferborough,Peaty,18.7429307,122.5015469,50.78604904,6.756282301,8.468780036,2,0,27.96789446
Bradleyfurt,Sandy,19.87112371,90.42654715,30.65721016,10.7393349,9.772451193,2,0,13.66720952
North Deanburgh,Clay,39.83718831,110.2559027,62.54842308,12.84493435,13.32644891,2,0,76.51496326
East Jessicaside,Clay,,98.1273771,77.26760451,21.41699769,13.28127414,4,1,11.67990589
Stokesstad,Peaty,18.69432604,104.5948415,52.75892788,3.864061205,5.307875142,1,0,94.86177392
Oconnellhaven,Clay,28.15940099,,67.8829546,7.773767531,11.54116956,4,1,23.19721247
Aguilarport,Sandy,16.92071539,94.60018018,30.53056744,10.36965694,10.15192974,1,0,88.02805595
Jefferyland,Peaty,35.69985278,134.2736928,43.12072777,6.096507104,12.7398522,2,0,70.14605871
New Williammouth,Sandy,17.11355049,136.6729497,58.6803207,19.2279923,6.029935006,3,0,64.49496513
Kaitlynland,Clay,26.67599453,78.55600222,44.36340489,12.56780485,7.923644372,1,1,98.87528704
Port Richard,Loam,27.78381794,74.17860028,64.64829802,17.51087058,5.226939879,4,0,60.62799616
North Barbara,Loam,26.55643477,172.2605203,66.19420144,18.50536392,5.982214732,4,0,71.10369395
Bellshire,Sandy,36.39272858,138.0925323,46.42080209,17.19505705,7.506083371,1,1,24.1435884
Port Erinfurt,Peaty,34.81840441,88.68192117,69.7225213,3.968516729,9.079102632,2,1,70.21782308
East Manuel,Peaty,30.25370612,99.43765625,50.01778693,6.83211607,13.69054669,4,0,72.1866602
Moyerville,Peaty,20.19472095,98.92354911,62.72152721,22.47601565,14.26728898,4,0,51.82846326
North Karenmouth,Clay,30.36237681,73.11892869,54.96173767,4.811300208,7.317049634,4,1,98.43468355
Port Kimberlymouth,Peaty,15.57176785,102.2278742,55.45819736,15.78225769,12.2525657,1,1,67.97044829
Eddiechester,Loam,35.57950602,195.084953,75.9708758,12.42601305,,4,0,44.50139722
North James,Peaty,25.67630326,185.1563157,41.54463832,16.83449539,7.174427273,3,1,97.81524491
Port Ginaberg,Clay,18.34022853,154.3720289,56.51720612,17.46410575,7.193143874,1,0,50.50159157
South Shannon,Clay,15.10359682,82.39988671,40.89054339,9.49253553,14.98645428,4,1,97.60840881
Port Michael,Clay,30.69327011,195.3927552,66.32704488,19.07801697,6.194738899,2,0,13.39125235
Jamiefurt,Loam,35.28505517,171.212538,44.77348751,16.9448764,14.48044409,1,1,22.20273516
Williamside,Clay,24.25371738,137.9458204,57.54158913,14.37007721,13.22942361,4,1,12.84392244
Lake Aaron,Sandy,17.91353417,170.7293602,60.38889329,16.41770559,10.45616992,1,0,99.51193719
Elizabethport,Peaty,19.70999219,76.70710492,52.03069714,5.162295553,13.47058762,1,0,46.02429419
North Craig,Loam,30.50154976,50.35819577,37.56933337,0.447833533,14.07093835,1,0,46.2308012
Carolineside,Peaty,26.51063834,,79.72214095,16.50127715,6.526290021,2,1,65.03086249
Hawkinstown,Clay,28.34438107,,84.97073218,2.133696333,7.433334129,1,0,90.01251775
Douglasville,Clay,19.16174005,76.1840388,59.01374692,10.53122051,5.544197457,4,0,80.58849166
Nicholasfurt,Sandy,16.15838162,183.6020915,65.3347005,7.662723192,12.49862922,3,0,22.8715454
Port Brendanstad,Peaty,28.34404543,182.4435541,75.14252876,2.230004214,11.00442789,1,1,18.17519471
Brucechester,Peaty,32.67035764,90.38349373,31.13198889,17.02337747,11.3838356,4,1,85.16390488
Quinnborough,Sandy,34.79238432,179.1894204,30.50636737,24.9285905,11.46160687,2,0,35.04041052
Strongbury,Sandy,31.06071187,159.0788233,65.09871039,24.44398784,6.366768987,3,0,54.9160524
West Johntown,Sandy,23.53523667,73.41187889,46.42027809,21.2615669,5.181080225,3,0,67.5115311
South Barbarashire,Clay,18.54883729,173.6987597,34.31988221,20.92297946,9.913711137,4,0,87.76978041
Port Tracey,Clay,23.82609989,105.6821856,53.50293275,7.516937343,10.96573652,4,0,29.96530617
Ricefurt,Loam,,148.039365,51.13757477,18.33128051,14.92009276,4,0,73.7586147
New Michelle,Clay,39.55861087,124.6534311,59.02755939,7.150468795,11.73025294,1,1,66.20280819
Karabury,Clay,27.45846969,50.25425552,43.42204799,22.85345407,9.024660021,4,0,66.59379145
Chandlerport,Sandy,25.04537068,57.01856098,89.23697036,16.88147686,11.77357345,1,1,23.20177037
Deborahland,Loam,22.01408933,154.5994193,47.40703845,16.14176318,10.51408967,2,0,46.70465829
South Saraside,Loam,24.46600348,56.09403469,55.13713121,10.12098557,14.51623368,4,1,81.81201142
South Charlesburgh,Clay,22.03540435,68.43360127,56.00011096,19.78087217,13.25147129,2,1,47.26151211
East Dustinfort,Sandy,36.72305863,140.5243066,84.37077833,10.52724033,11.58255786,2,1,69.54591626
South Natashaton,Loam,35.81512813,172.2196651,40.9437133,24.20759816,10.86001888,2,1,87.51112545
Dennismouth,Sandy,32.00961871,170.0871351,67.16792999,1.622122257,7.707057025,4,1,88.13101332
Perezstad,Clay,25.83742122,137.6059151,65.84602488,5.406670608,10.86630947,4,0,68.06398994
East Jasonview,Clay,24.65317526,94.14045406,87.61192187,19.98541903,9.792482933,2,0,73.93063112
Robertsstad,Sandy,34.5113196,183.3277442,50.079484,10.24214212,13.86601639,3,1,17.64226595
Crystalmouth,Peaty,18.4594978,58.7711993,69.2992405,7.658219487,13.62840403,1,0,78.50375868
Erinland,Clay,34.16695554,74.43559999,63.95850305,16.94355571,11.28814037,4,0,72.81753754
Adamton,Clay,16.11348961,197.8959191,78.096785,11.33631705,5.066571024,1,0,48.99717916
Kingport,Loam,16.46131138,94.85061182,64.47105013,9.061573188,10.53954503,4,0,14.58977406
East Michaelport,Loam,37.06635285,155.3813846,57.97171224,12.05312139,6.410186647,3,0,79.06948859
North Joseph,Loam,29.21697601,119.9422921,77.92695486,20.75792014,,4,1,91.38435584
Muellerview,Clay,16.21508322,,76.00485053,10.88492056,7.093946208,3,1,53.48494377
Ericfort,Sandy,26.82296501,157.7968945,48.44162612,6.670831637,8.36787733,4,0,12.86469708
Port Charlesmouth,Sandy,33.39825232,105.8519914,86.5680374,21.97657235,8.802733498,4,0,78.91189669
Dayborough,Clay,18.1958522,60.56898911,60.75929719,0.980306419,10.40306205,4,0,43.49483335
North Jamesburgh,Peaty,25.73397464,88.48500441,86.36733767,16.96719373,14.23424774,4,0,26.21096355
Brittanyfort,Peaty,35.8540146,140.4683117,38.89711203,0.622627194,12.0936038,4,0,37.1348535
North Lisa,Clay,28.76981825,75.41790108,39.46478363,11.74379288,5.630727017,3,1,24.12579932
Lake Adam,Peaty,20.91759614,148.7557695,54.10150452,19.2232002,,4,1,71.34429013
Elizabethfort,Sandy,25.29797151,71.13800234,49.77617058,3.04765537,9.24430039,4,0,34.84975136
New Michellestad,Loam,20.11439329,78.96854683,45.29053356,16.51112385,10.22839762,1,1,12.36327469
Lake Roberta,Clay,29.44394564,76.25258836,70.92242791,22.51870359,14.6607261,2,0,83.7116192
New Jeffrey,Sandy,31.55850546,85.40375152,37.34816814,11.34275825,7.122710331,3,0,62.13049333
North Trevorview,Peaty,36.10841639,68.26058232,49.79026244,24.14080005,14.71174869,4,1,92.24372347
Sanderston,Loam,19.88297584,,75.0905923,0.590222302,8.234176825,2,0,35.14267636
Port James,Loam,28.49436316,111.890458,81.88271337,13.24898898,11.91493051,1,1,34.74319985
Port Joshua,Loam,39.14491359,119.445662,79.62596885,20.59370124,7.904211484,4,1,81.14657038
Carrollshire,Clay,39.7702457,118.6137172,36.06523938,22.52608115,8.298574698,4,1,18.6084664
Clarkside,Loam,21.50263226,196.477117,62.74634686,7.044976265,13.3387543,4,1,65.01744985
South Amyborough,Loam,39.86439642,103.6815283,42.66167689,6.813238929,10.61179195,4,0,98.74115128
South Earl,Peaty,29.59743621,115.9481979,34.26775571,15.46391463,14.43777083,1,0,94.04632915
Amandabury,Peaty,,94.63395919,81.33329326,23.86964661,10.96690577,3,1,81.42219819
North Nicoleberg,Peaty,31.50853356,94.15396796,79.83548816,12.94091616,9.629582351,4,1,33.32650981
Johnsonborough,Clay,32.32729532,66.43154694,58.08766701,22.7857186,7.9104889,2,1,74.95305706
Alexanderstad,Loam,16.27133667,100.8780686,72.27211243,1.331599741,12.19331088,1,0,71.168859
Allisonside,Peaty,17.95597746,184.0129005,56.16463751,24.68314891,12.27575879,2,0,76.55309718
Russoborough,Peaty,39.32067901,80.97974407,83.02976945,19.61324147,12.02765304,3,1,23.22273157
Woodtown,Peaty,26.85933517,51.8353998,32.0254365,13.47866071,10.54062989,4,1,26.70540072
South David,Sandy,20.18653208,172.162994,49.18203735,4.59422014,14.5455267,1,1,77.99457272
West Nathanielbury,Peaty,20.24050774,72.15211077,43.04444526,7.931056073,13.6067906,4,0,97.69057953
Donaldmouth,Sandy,33.06877661,128.1053339,87.56276016,8.060106887,10.40448386,3,0,58.17176515
North Maria,Peaty,30.54366111,175.1173635,60.86034189,5.509557748,5.264233874,3,1,97.86607019
Ashleyview,Loam,31.58218347,186.4312113,63.75675002,4.067905199,11.45138783,3,0,53.50832562
Wayneland,Loam,30.1336282,67.27743881,37.11783707,0.790917706,12.97406975,4,1,99.70311206
New Cynthia,Peaty,38.87871648,114.1336404,67.51852094,4.63792169,8.835091738,1,1,54.73428609
Shawberg,Clay,18.65309731,141.1744731,80.88028562,12.27847864,8.664568501,4,1,95.77286262
Lake Sarahview,Peaty,38.13719237,156.9078919,67.23077335,15.02215634,11.54036776,2,0,42.27565572
Malloryton,Clay,16.64424981,120.614287,73.0297061,24.83030831,5.441431037,4,1,40.26858123
Mistyhaven,Loam,37.94979267,,84.12407993,15.35317371,14.49472039,1,1,23.57489139
New Gwendolynside,Sandy,28.43036834,146.4962311,69.01169967,15.65110595,9.410371566,4,1,50.17996195
Davisburgh,Peaty,15.95973819,178.1132691,36.3151882,8.211051966,9.957659333,1,1,27.33187329
Tylerland,Sandy,15.86122733,122.3611036,86.21578201,11.10455534,5.269655932,1,1,31.07880063
Port Malloryburgh,Peaty,27.38715027,169.721132,41.32961043,19.81857474,9.453127754,3,0,53.17355679
West Charleschester,Peaty,37.59968563,132.8156262,67.51373227,12.24535936,11.14024001,2,1,67.20438156
Port Nancy,Clay,17.87483262,76.1405664,57.19265473,20.46983037,5.294767414,1,1,18.96746956
Kerrhaven,Loam,17.38300527,101.5073788,74.07870458,19.81453226,7.888964549,2,1,29.30458642
New Ambershire,Clay,37.14029378,159.9784091,43.2327441,19.05988773,8.441009364,4,1,88.56683591
Riveraville,Clay,21.1360331,147.7637138,51.16536547,20.41489735,9.314196526,1,1,64.64174324
South Raymondtown,Sandy,25.38863544,161.9755906,30.59152201,24.43452049,10.7560531,3,0,43.39383491
New Thomas,Sandy,27.98898017,76.04237043,55.84721343,16.50820544,6.50857309,4,0,80.38562979
Port Amandamouth,Peaty,20.0532081,105.0262532,50.55605319,11.40208644,10.57209535,1,0,36.54599615
Port Jessica,Clay,16.12331263,148.0489497,57.60764651,23.52744359,12.3699539,3,0,30.05206863
New Daniel,Peaty,36.71435746,159.657893,64.68540184,6.884845645,11.72601874,3,0,91.44262878
Bauerberg,Loam,27.93253795,98.53791812,51.21936536,17.61229025,5.11938396,3,0,77.77751533
South Williamborough,Loam,19.8005339,118.0510777,67.72034715,2.729954174,13.92467418,2,0,97.61258557
South Matthewhaven,Loam,18.33162106,146.489547,48.13093429,2.543636676,12.87176446,2,1,86.32181277
West Vanessafurt,Loam,31.338002,,71.04140834,4.950034462,7.092500929,2,1,33.43896528
Raymouth,Loam,33.44613625,71.57590192,50.25018746,20.99924699,14.89148299,3,1,31.35110741
Jenniferfurt,Loam,33.2069504,133.1218454,56.46618471,21.12897512,7.867796008,1,1,22.81951373
Sandrastad,Sandy,19.26688877,69.08993916,87.99140885,13.82168239,7.275451634,4,1,78.12594469
Levinebury,Clay,26.56730196,79.94495516,83.68765172,21.09156471,12.32065309,3,0,29.0149221
Greenville,Sandy,39.75649316,186.7063897,56.09266066,12.10785815,13.87598965,2,1,93.57303044
Ashleymouth,Loam,,86.62087226,63.98788645,15.59053716,,4,1,70.43240721
South Christopher,Loam,23.62743655,154.0858911,53.92738431,5.871710604,12.34241307,3,0,70.47509742
Maryburgh,Peaty,26.64822757,157.5727304,88.88604012,0.746307194,,4,1,47.86915896
Lake Stevenport,Clay,,95.3659661,73.11269305,17.07362096,8.151511524,4,1,87.29908238
New Malloryside,Sandy,37.00856832,128.1891476,73.8527312,10.48812311,6.707434992,3,0,12.66379653
Lake Kellyview,Sandy,28.58607483,111.8684246,36.10732456,10.9465279,13.06961582,2,1,14.31523083
Danielview,Sandy,26.07517279,186.1477172,77.56857417,17.68089809,13.9308623,1,1,80.53091406
West Samantha,Loam,17.57202483,154.9468255,43.2600291,3.512886425,9.549975432,4,1,24.56473285
West Richardmouth,Peaty,26.44378766,53.98240407,33.5043645,10.14559956,7.1182262,4,0,15.35672477
Nathanielhaven,Peaty,21.24879738,127.3935244,43.78333937,22.08023627,6.145381435,1,0,61.40397643
Georgeville,Clay,29.54276021,150.7977554,36.46554896,8.73804851,11.74670627,3,1,38.83436991
Lifort,Peaty,24.30777839,195.7723072,42.61130114,5.915126455,14.86538776,1,0,38.49377668
West Christopher,Peaty,22.9317735,108.5168065,77.00617355,19.28122754,7.756423711,2,1,96.72481843
Port Michaelatown,Loam,30.64709246,80.58387436,63.73476828,6.420454413,7.63758562,2,1,21.11030963
West Heather,Loam,23.95771998,100.075914,57.07427155,0.606842713,12.46384565,1,0,45.83086693
East Matthew,Sandy,32.77216719,138.2507128,84.57059246,8.482659337,9.745388566,3,0,51.65707222
Carrieton,Loam,32.65633495,153.8764696,77.81879187,2.405516692,14.00852045,4,0,42.50203449
Jenniferside,Clay,31.57972936,139.3718776,88.74924598,20.44749562,10.71119063,2,1,57.61724204
Vangtown,Loam,24.21357508,56.76014035,47.17475823,13.48774217,14.31567564,2,1,42.71584723
Lake Trevorbury,Peaty,33.17361982,78.70877012,67.41295815,15.70880878,6.029169462,3,1,30.41712872
Christopherfort,Loam,27.91002291,85.76895877,89.33167268,4.065151193,13.46469731,2,1,20.00765715
South David,Sandy,36.78429292,54.7017749,30.04207458,1.431204707,13.21625753,3,0,43.74238712
Josephhaven,Loam,29.42908606,98.75568125,32.10791689,15.13341513,14.05913392,1,0,13.12936141
Castillofurt,Sandy,30.01307542,150.5089426,51.68882264,14.54430742,5.853689195,2,1,46.85953372
West Christopherport,Sandy,32.31652056,184.5791885,53.12407349,18.34008359,13.2804995,1,1,94.06440737
Lake Carlosfurt,Peaty,36.53443055,187.5373461,69.77266019,19.0295937,6.84395839,2,0,37.40067862
Brianburgh,Loam,24.02784571,147.9607818,87.04199568,18.64498111,8.626388942,2,1,66.23779672
Grayborough,Sandy,21.58666464,107.3085947,40.39264617,0.683997309,8.88222497,1,1,67.16932897
Perezside,Peaty,32.13434535,72.10763135,84.35603857,6.360767514,6.566172308,3,0,65.59501256
East Margaretburgh,Peaty,38.50256469,75.87987234,48.46767745,8.624160327,6.627992176,3,0,72.88898576
Hallport,Sandy,25.00804798,164.2098599,46.73778478,21.9239976,11.78575219,4,0,43.74529694
Jasonshire,Sandy,28.07285992,69.00937211,69.95726879,13.46749203,8.419228844,4,0,97.3550231
Port Derrick,Sandy,33.70993592,,71.13793837,3.67797712,13.13491093,1,0,77.88733159
Port Karenberg,Peaty,,98.97115111,53.50757425,22.26729452,14.89626698,3,1,86.79090477
New Amandachester,Sandy,19.217209,167.9953564,77.68486625,16.03626138,11.57221085,4,0,33.28042856
New Robert,Clay,26.54731173,165.1618764,49.82812369,19.03876634,10.88313991,3,1,15.5907448
Stephenside,Sandy,32.34833276,,83.46641939,14.94478047,8.992864105,4,0,39.61463753
Lake David,Clay,16.00229564,144.9488512,71.1992658,1.063719155,14.94414748,2,0,55.41726202
West Williambury,Loam,30.73096549,184.636959,57.10329756,3.254195002,13.02649761,1,1,60.16984844
New Sydney,Sandy,37.41027942,127.5254376,35.52083825,17.1136337,8.689152785,4,0,34.69333529
South Michellehaven,Peaty,22.10827284,151.4844757,56.78694375,2.427876595,7.761156664,2,0,90.09108238
Payneview,Clay,19.98642353,188.6391907,37.48286814,20.68291399,13.34171877,1,0,41.95793023
Port Miguelport,Peaty,21.7245226,177.9359468,62.57713161,15.03886007,5.695032158,1,0,19.93464862
East Karenchester,Peaty,21.85111296,121.8153193,59.66431391,18.87003617,6.44603198,2,0,20.1239681
Port Aaron,Clay,38.95506082,106.015373,59.57707669,14.93982396,12.30845933,4,0,36.09054392
Jonesshire,Clay,37.93026282,136.3436682,63.98543674,12.23044722,9.870790362,3,1,49.25562478
Emilyside,Clay,24.66768781,79.06302768,54.89497698,13.55802771,6.163992139,1,0,19.80333634
North Ashley,Peaty,27.64504925,69.39602699,85.20445118,12.65457299,7.644683587,3,1,86.46960334
Johnsonview,Loam,29.66702132,140.6906833,89.35218668,23.62578567,12.52813828,4,1,89.22312203
Andreaside,Clay,28.0105937,135.0832463,82.36602021,0.729604968,5.608645477,3,0,52.26821239
East Marvintown,Loam,38.88531178,71.17727432,32.24217269,23.83245536,9.037022142,2,0,78.75921017
Lake Corey,Loam,26.39171043,116.8265067,30.92094645,20.5412663,13.40725037,4,1,86.89789715
Wardmouth,Peaty,15.07203382,130.3013889,57.52945395,0.716803797,10.61217617,3,0,34.96551795
West Michael,Clay,22.3753839,183.208032,45.57150223,19.72588394,10.35429002,4,0,88.50570628
West Kristenborough,Peaty,33.8798688,195.7134165,66.55202247,12.44445574,12.72612986,2,1,77.87920815
Seanport,Sandy,20.1935621,64.95328,50.6752639,5.275729928,10.73642188,2,1,73.56602254
Wadeshire,Clay,18.60638218,,78.96092556,23.65235106,13.61303883,3,0,34.56639041
West Brandonville,Loam,39.82605064,117.9535362,47.72654759,9.915474601,8.744512794,3,0,10.701266
Barbarabury,Peaty,16.12437561,57.08953411,79.20243289,24.78046209,7.741686686,3,0,75.61228911
West Larry,Clay,33.63072684,,59.77210171,15.20228192,13.2797728,2,0,64.476355
East Kellystad,Clay,35.7226864,183.6251193,89.61556284,12.97215498,8.124680912,3,1,25.2156231
Lake Aprilhaven,Clay,19.61138582,147.3185939,61.93665361,15.95118269,14.7001174,2,1,39.41504707
East Carol,Clay,33.98481499,68.32727216,45.98064437,23.05346302,12.07840621,3,1,65.43716715
Davishaven,Sandy,17.96292115,180.0730866,49.3147607,10.03988832,6.436055589,3,1,61.70161278
North Edward,Peaty,16.29845631,136.8262905,40.84533622,11.71965905,14.04399725,1,1,42.6171851
West Sandra,Sandy,35.6537113,120.7137019,47.87862676,0.750640741,5.88513228,4,1,87.16489527
Farleybury,Clay,28.43161537,125.8938384,37.64998574,9.061044628,9.135305992,2,0,89.96029064
Johnchester,Sandy,37.41576679,99.03692535,53.11843104,2.560990296,12.59903328,1,0,37.88445819
South Jamiestad,Clay,32.07591801,140.1908171,52.20447978,23.26450079,10.43674875,4,0,98.99844827
Livingstonland,Loam,22.57833028,87.13733733,42.95613909,16.75330664,11.65492693,4,1,74.87022655
South Selenamouth,Sandy,33.06353417,52.30000042,40.43258706,2.492727639,11.51388824,4,0,35.31185205
Hallton,Sandy,23.64730405,171.7379284,79.26876801,3.546689808,5.523835577,4,0,38.59771133
Jennifertown,Loam,29.22022852,126.6688979,44.71407017,6.797670737,7.438428809,1,1,47.1182347
Seanmouth,Clay,17.24680479,,42.16925363,20.68382827,7.382863078,3,0,67.57659407
Port Brooke,Loam,17.86339821,59.43596671,55.71130597,21.70957784,13.68246082,1,0,28.54947533
Teresachester,Clay,19.65281139,143.8059356,60.87383242,17.74013536,14.41375289,3,0,38.72781131
Lisamouth,Loam,18.38219536,92.87489041,60.57886856,18.4896467,9.884449272,1,0,99.71078843
South Paul,Clay,16.14828478,,38.63974792,1.050977158,13.03604463,3,1,98.53449307
Brianton,Sandy,,,38.19821567,10.91639169,5.830979584,3,0,41.18864015
East Jeremyport,Peaty,38.66593957,74.62285416,32.34856418,2.827221825,10.52001989,2,1,48.98070595
West Theresaton,Peaty,35.09104474,82.87955917,41.18426602,7.040211655,13.01770844,3,1,38.80331593
South Jenniferfort,Sandy,20.63710399,187.0749059,76.33286324,4.164495037,6.198608154,3,1,84.643664
New Alexburgh,Clay,15.78197519,123.2164687,55.51727455,9.914191868,12.93796027,1,1,76.58261155
North Amanda,Clay,38.95262789,78.75369744,80.74965419,5.636660057,8.48005782,1,1,57.61483356
East Jerryhaven,Clay,37.81988253,63.75556644,42.6193157,15.73133795,8.269799396,2,0,37.05124889
Port Allisonberg,Peaty,24.80839538,89.4689668,85.3173418,23.12775321,10.7419632,1,0,88.80789898
Stephanieside,Peaty,16.78002078,188.2488549,63.06980611,23.20772134,,3,0,63.04380896
South Kyleton,Peaty,35.28699701,125.7017088,52.24450771,13.48663223,11.99295045,3,1,86.10085648
Melissaport,Sandy,33.52700594,189.9624393,77.65237297,18.24700603,12.43813256,3,1,95.81419266
Port Taylor,Clay,20.51604881,51.34417985,45.37993588,12.42943678,14.96562912,1,1,96.70027877
Walterstown,Loam,21.15702391,168.016108,75.53627493,18.62268465,11.08751271,3,1,94.87855854
New Johnville,Sandy,31.88009285,65.65208976,62.34838919,14.56056338,12.95524951,3,1,59.62342339
Lake Tammyhaven,Sandy,39.68633786,196.6743517,37.68025344,5.666300443,14.26336029,3,1,39.9351134
North Tylerland,Loam,22.97461095,124.9056825,31.29680475,14.41977072,9.982499627,1,0,40.83029628
Allenbury,Sandy,20.00080495,195.0386026,31.14107653,19.80126346,,1,0,61.37026959
Richardton,Sandy,24.01267967,95.92754166,38.79594777,12.66792447,,4,0,10.5951193
North Scottchester,Peaty,24.17847865,,70.0507252,21.97294518,11.47311257,3,1,18.54765357
Williamsshire,Clay,27.59640434,141.0963366,34.50409904,12.79357281,12.20646646,3,0,91.90678875
Amandaland,Clay,33.50603374,148.7497221,86.38921665,13.10402233,5.228285841,2,0,74.93275265
New Brian,Loam,15.20344178,150.4980097,33.69672009,9.583756183,5.807179497,1,0,81.58153683
Kirkview,Loam,35.31039571,149.2939376,71.17269635,6.652767222,6.710541265,4,1,61.70253399
Ashleyshire,Peaty,26.06659847,146.189686,81.01519809,1.596358033,6.306665749,4,1,67.44362485
Davistown,Clay,37.35624901,50.69256444,31.94336995,13.81753166,6.613803896,4,1,94.88956728
Murphymouth,Peaty,36.76019298,196.1812204,75.37369025,10.55345762,,4,1,91.74550383
Youngtown,Peaty,23.41278876,180.0742554,65.21866614,13.15728155,13.34327707,4,1,24.98193204
Ryanville,Clay,33.65117954,76.84975792,82.61849058,22.80008249,13.602128,1,0,37.05694137
Perezmouth,Loam,37.51960753,160.6147397,62.3305942,17.55240288,6.164516244,4,1,10.43506234
East Lukeburgh,Peaty,25.41273856,164.8498552,44.14167442,5.725451918,12.07546183,4,1,41.08694626
Port Dorothytown,Peaty,25.09580342,87.12986829,45.03268215,7.986391287,8.731136663,4,1,28.02598105
Scottville,Sandy,,108.6041933,61.91335422,17.06641884,6.195679997,1,0,66.71711083
Lake Matthewborough,Sandy,27.72019796,93.24867191,55.54106757,3.221842685,5.08894554,2,1,58.56104947
Brianport,Sandy,20.60966527,105.1844079,68.84194261,10.48525707,7.369417218,1,1,56.00618426
West Amy,Loam,32.17356414,181.1619098,64.5271578,13.2539383,12.47291909,2,1,41.08414277
North Kevin,Peaty,26.65237369,137.3104249,75.3486475,12.04835652,6.518215616,1,1,28.24518271
Millsport,Sandy,18.7867864,165.8977988,58.52565632,11.00924509,11.86482311,3,0,77.81381845
Schultzburgh,Loam,29.31588261,112.6748158,60.61895499,0.104575407,,1,1,90.62708235
Lake Rebecca,Clay,18.31603149,99.80643411,41.85290439,18.04875286,9.092671472,1,1,64.62927528
North Denise,Sandy,35.78014826,119.5376263,48.66577482,10.49195023,14.7530584,2,1,58.72242925
New Isaacfurt,Peaty,33.68058861,95.57987448,45.67095575,20.80121617,12.04997206,1,0,79.1389466
Timothyburgh,Clay,29.2465675,178.4259506,34.80663397,19.5647852,9.456749699,1,0,99.85544538
South Clintonton,Sandy,20.14106077,,47.6343607,2.404114448,14.24541259,2,0,58.10906859
New Jillian,Sandy,28.50587944,97.77658223,61.23176281,1.572888003,10.78576768,1,1,49.76997085
Mariochester,Peaty,39.97892357,154.4817348,89.08506641,18.45056709,11.29764914,1,1,15.66101653
Shannonmouth,Clay,30.02445067,113.6967545,72.91031992,23.63753099,8.027538769,4,1,65.37346149
Louisbury,Sandy,38.0714823,102.4984319,63.15189798,12.70032011,10.12168957,2,0,24.93157869
Gonzalezborough,Clay,39.94497586,88.85897671,89.17481726,16.28679165,,3,0,45.63462866
Ramirezberg,Sandy,29.26016986,160.858498,69.64989679,9.397358735,13.67384906,4,1,73.40020706
Nancyborough,Loam,25.10424359,150.2523557,47.66750201,8.870597666,,1,0,95.55459621
New Tiffany,Loam,37.25491029,158.2555946,38.79491655,24.3585414,6.666605341,3,1,90.02900669
West Jennifer,Sandy,30.92638716,157.512278,68.89409607,2.958019965,10.49532867,4,1,89.84980218
Patrickfort,Peaty,36.26913093,120.0320394,80.75994799,3.954255905,10.23861896,2,0,52.78532533
Ericmouth,Sandy,36.91666348,176.5026837,52.06785589,9.376111805,7.864212713,3,1,75.67651347
Wheelerstad,Sandy,20.28730285,160.0231274,45.2143546,15.22383575,9.311202517,2,0,50.31203319
East Stephanie,Sandy,26.2626582,78.21995425,55.9629052,5.050111057,13.1647139,4,1,77.59425394
South John,Clay,28.57379732,195.7146153,53.0389996,17.60517201,14.62419048,4,0,83.39168545
Marybury,Loam,18.8437278,,48.76791862,16.25430458,7.911714058,4,0,51.82729394
Ritaview,Loam,27.03080951,189.2518715,41.92084984,9.502955383,10.40280327,3,0,13.78318205
East Betty,Clay,15.06379756,89.67672721,68.53070128,2.910732938,9.656571577,2,1,82.93538318
Michaelshire,Peaty,35.44899881,167.9279246,79.51896399,6.949456987,7.994614306,1,1,81.10646741
Erinberg,Clay,36.64753694,181.7493,76.96499653,13.20557622,8.027897286,2,1,54.29698435
West Amandachester,Peaty,26.94296972,97.87242919,60.56706992,6.526081074,7.990578296,3,0,73.90823673
Lake Johnfort,Loam,26.32473522,169.4286402,36.97711553,12.13769444,14.96882578,3,0,37.36001184
Jasminehaven,Clay,31.22765662,137.5419155,45.81849705,12.64618522,12.19082278,3,0,98.45652367
Lake Nicholasfort,Loam,25.43735973,176.09359,75.9339589,24.47549555,13.16211821,4,0,66.27270825
Port Devintown,Peaty,18.59057702,181.6401439,70.32995369,6.680309257,11.89688605,2,0,18.95789687
Leeland,Peaty,37.43591968,104.0729034,88.36426583,1.171419134,9.186063793,4,0,87.27162543
Charlestown,Loam,34.84086803,,76.22757108,23.23149994,8.473367556,1,0,50.85904603
Hortonmouth,Clay,38.86622626,,83.18585255,1.538625739,,3,1,68.38043754
Carolynborough,Clay,23.72947887,194.8627363,58.89826175,15.98556158,7.810307624,4,1,77.31265008
New Manuelfurt,Sandy,22.88861936,161.8140409,64.22633995,7.668267348,9.697347638,1,0,10.42928676
Johnsonmouth,Clay,35.78840699,106.5465093,36.28576291,19.89247802,11.83996449,2,0,48.43249876
Lake Donaldberg,Peaty,38.98784672,196.0486466,33.2984977,0.692715022,13.2634523,3,0,19.01947907
Wallacemouth,Sandy,32.40492608,99.9345504,38.80645713,5.141747663,8.315555456,3,1,58.54421177
Amberburgh,Clay,28.91320722,179.553152,64.09703844,4.491851974,7.003593169,3,0,81.87721948
Davidtown,Loam,32.74337972,,40.11769323,14.15205868,7.145560898,3,1,53.26955521
Freemanview,Clay,20.26745267,141.3519084,49.40780412,14.5136426,14.04684801,1,0,78.33969405
West Courtneyberg,Clay,17.30435151,145.9067465,75.84311795,14.73540476,10.18311177,4,0,83.34510472
Amandafurt,Loam,18.71681875,197.8273614,43.7798701,2.129844549,10.77249849,4,1,22.57870923
New James,Loam,16.67865158,55.91105576,53.71446783,1.090768158,13.61260259,1,0,86.63869554
Rickyview,Loam,26.02951323,81.78606578,51.63328344,2.098053562,6.939112594,3,0,10.88206787
New Rachelville,Sandy,27.01961253,155.6996144,78.46621928,10.81054207,9.276860163,4,1,71.79050454
Martinborough,Sandy,32.94519898,92.93050045,74.13389867,4.831751604,13.16952182,3,0,48.05512431
New Donaldfort,Sandy,32.05804023,163.8829771,72.8500618,15.03720024,8.768701425,1,1,37.73034202
New Stephenshire,Loam,22.61326463,125.1094488,89.11159058,22.40308537,11.99572266,4,0,53.01945778
Hamiltonhaven,Loam,35.38676081,157.2820326,42.71369109,21.45830342,12.44874729,2,0,26.19976923
Jamesstad,Peaty,25.83402128,195.1118928,80.28485643,17.19860446,11.92607539,2,1,32.27580188
Deborahchester,Loam,28.25829676,184.2954853,50.32071604,20.66585396,14.6875276,2,0,42.58765171
Leachburgh,Loam,24.25068406,,60.39735833,18.1617123,14.70030404,4,0,79.51208111
South Catherine,Clay,22.37825231,58.9450958,51.14906257,24.64884178,,2,1,27.48781862
Jackiehaven,Clay,27.8559059,105.1308918,76.18358059,3.700011107,6.604825155,2,1,18.83556696
Port Carlafurt,Peaty,24.56676132,72.5322009,60.90903425,10.46978874,14.04108085,3,1,56.80533502
Gallagherstad,Loam,30.19900856,,69.33719761,14.50334498,14.90026251,4,1,53.37933641
Curtisberg,Sandy,29.29620919,190.5375759,54.34818893,4.342668079,9.593405838,3,1,10.60269665
Briannaburgh,Clay,30.43420735,55.23924184,32.3458391,11.33934465,7.785420473,2,0,30.50235304
Davisport,Loam,22.27490227,,39.72474254,1.232142148,7.335231672,1,0,96.18822353
Stephenberg,Sandy,37.05617887,143.6402177,38.12545356,14.51354912,7.545198409,4,1,53.71063553
Lindseymouth,Peaty,38.82246271,97.67718553,84.78250657,10.59198874,13.81125279,3,1,63.34667857
Lake Christina,Sandy,22.50074026,191.3682652,73.49186512,23.62294845,7.208404955,3,0,17.47460812
East Jesse,Sandy,27.16954046,52.19776831,53.90367245,4.371498016,13.44174897,1,0,91.00762792
South Dianeborough,Loam,39.86601699,193.0488744,47.20291126,2.160935777,9.919964725,2,0,70.63871165
Jenniferbury,Loam,25.66620639,61.5794879,46.99417334,22.91921292,11.26128786,4,0,11.58132145
Scottfort,Sandy,15.20560475,73.86007676,54.35989012,15.64997886,7.35866194,4,1,34.97037496
New Lindsay,Clay,16.1141924,107.8621535,46.45962461,21.85435387,6.092110151,3,1,33.38380025
Lake Deniseton,Loam,35.76588778,168.8859852,76.78563741,9.864523289,12.38437498,3,1,19.12022495
Amandaborough,Peaty,16.87226622,149.924626,84.09451117,10.13995479,5.055437037,4,1,46.51135248
Port Lauren,Sandy,24.72363272,99.48167291,64.75565287,11.63660689,14.44770916,2,1,65.72274274
Timothyburgh,Sandy,38.16594662,180.512259,86.98005219,22.5900401,14.44689488,3,0,22.29987302
Lake Scottport,Clay,25.31864648,108.8595483,76.91139061,6.520775961,12.87977164,2,1,84.05104464
North Shawn,Clay,21.81066554,197.2918181,38.63522097,20.60095851,10.8687776,2,1,98.32414252
Port Jenniferhaven,Peaty,27.3363283,158.1549022,78.91399676,24.47199794,6.550629366,4,1,72.88386987
Mccarthystad,Sandy,21.20549196,169.646165,78.47944297,21.33865645,11.50707619,2,1,42.12961398
Lake Stephanieshire,Sandy,30.64011771,110.683722,82.02238925,0.360779791,14.87010931,4,1,53.66194687
North Melissaburgh,Clay,29.71870153,75.78427369,82.68930904,20.86290669,6.352294792,3,0,44.30952544
Nicoleberg,Sandy,37.05134311,71.56485768,60.99651605,1.89925846,5.659014778,1,0,70.65798564
Campbellburgh,Sandy,25.55534249,82.32902527,79.24935695,6.67403461,6.1741627,1,0,68.77662991
Port Leonard,Sandy,39.95893798,133.4781778,32.7066735,1.062846492,6.405419424,1,1,31.33381189
Kelleyburgh,Clay,,172.6382274,68.11333756,11.73758275,5.405866329,2,0,37.24915436
New Chris,Loam,20.46565234,107.3233028,47.85431863,3.776852929,11.62379103,3,1,67.38493717
West Cody,Loam,21.25402579,192.3275691,64.38756523,20.77729221,12.98127205,3,1,71.34158702
Johnsonbury,Clay,21.00560524,116.0879203,53.63769996,14.60576855,10.96643096,2,0,48.92096493
Ianburgh,Clay,18.43644123,76.22328001,82.76339529,1.998733598,8.23806808,4,1,77.57766017
Jasonview,Sandy,24.0609972,107.992463,36.44023339,24.99348025,10.18542321,1,0,30.83498506
West Donna,Peaty,15.99498915,97.75498664,67.97408952,24.58818911,8.986382918,4,1,75.59351924
North Tanya,Loam,33.02975859,54.99504127,38.12879406,7.99957408,11.94419248,3,1,45.69919332
New Joshuamouth,Clay,39.93940198,183.2162628,30.24252919,14.93445886,13.8409726,1,1,75.60719819
North David,Peaty,23.89484506,54.72010184,67.58525195,2.630696432,11.08947871,2,1,67.20464038
Chasefurt,Peaty,39.2829167,170.6909426,75.10323941,0.69694538,13.23881221,4,0,24.28247047
South Gregoryville,Sandy,37.49276392,82.96295669,69.05127788,21.44070573,,3,0,99.43552415
West Michael,Peaty,25.08380303,171.5645355,47.25473001,23.99181116,13.17149478,2,0,94.69077069
Katrinamouth,Sandy,32.24994758,63.93684027,42.18929728,17.58526447,10.74634719,3,0,16.39272987
Harryfurt,Sandy,33.79883902,191.0073903,59.99124088,9.185530521,9.136422941,4,1,68.45708173
Fitzgeraldmouth,Peaty,,178.9617291,84.68014675,24.01216268,12.69679433,2,0,73.80861281
West Evelyn,Clay,30.21316638,133.0279452,72.38481126,16.39302865,5.966418482,4,1,98.13804469
Valentinemouth,Clay,15.98762702,96.62604985,59.97653555,4.181305296,8.949944756,3,0,47.76711136
Meaganhaven,Peaty,37.27129594,171.3303843,58.18699689,7.935769505,5.37402964,3,1,34.73628029
North Jessicabury,Clay,,109.3650362,81.8270142,2.286870196,14.52466058,1,1,44.47856606
North John,Loam,38.20298227,84.87010804,52.1100943,16.91113616,8.328904409,3,1,52.40231208
Jillmouth,Loam,38.28766796,,37.10155441,3.842850462,,2,0,34.6619821
Amandastad,Loam,39.83586749,69.49747274,53.24237735,18.1659454,12.45450402,4,1,12.34738451
Johnview,Peaty,38.91509217,83.61283577,88.52199839,24.03806191,14.04598427,3,0,76.2542856
Taylormouth,Clay,20.67794211,136.4971437,81.37684292,23.67529613,12.91449035,4,1,58.3599232
North Marioton,Loam,25.31484462,193.8601534,63.97176313,15.13766007,7.898295503,4,1,22.06063283
Maryville,Loam,34.47631831,128.173774,87.45890469,1.827955807,7.488174271,4,0,79.48865134
New Christophermouth,Peaty,31.26199161,176.7027284,80.88664506,15.14729838,13.88009252,3,1,40.41290239
West Brianstad,Peaty,26.78206626,135.1232629,44.25755416,15.98186361,5.326122343,3,0,49.73764717
Jenniferland,Clay,31.53144046,,49.15360166,1.889749019,9.314364441,4,1,24.61089195
West Shannon,Loam,15.76808078,55.71819921,35.22305311,16.56292892,,2,0,65.64174634
New Williamstad,Peaty,21.71593944,165.9217193,85.17521378,1.198559728,7.683612152,3,0,71.90808599
Zacharyton,Sandy,23.35027674,127.5026298,72.0068708,10.37349851,14.12033343,1,0,30.72256602
Stephaniehaven,Loam,37.70251926,64.24881604,54.3682983,9.247870713,8.646999719,4,1,75.40391491
New Sabrina,Clay,22.15763933,178.2536586,65.50309767,21.12785226,7.592721664,4,0,34.80016201
Port Cassandraton,Clay,18.56753182,,80.0178826,7.114323735,12.95280454,1,1,83.12740306
Port Stephanieland,Sandy,16.2875152,170.5408542,65.10251617,5.024880761,7.792134,2,1,88.44963718
New Katieport,Sandy,17.7420147,179.2287637,45.59899562,6.134690575,14.71379779,4,0,35.05085
Lake Tracyshire,Peaty,33.14426534,,40.34750172,23.47472664,5.64699856,2,0,23.67412756
Jordantown,Loam,32.27006468,137.5118648,48.54066296,11.87576839,9.126160097,4,1,72.45203873
Lake Debra,Loam,33.46217987,84.40594262,39.08821732,21.3980775,11.11724774,3,0,11.36656552
North Ashleyburgh,Clay,29.03495505,99.50691258,40.65681065,0.062882433,,1,1,50.70472821
Lake Kristinaside,Sandy,39.868095,117.9381234,82.73325462,4.005949189,10.13620325,3,1,47.95601736
Danielland,Loam,,68.33104049,48.68339944,2.688848242,9.475843675,3,0,20.28667783
Taylorview,Clay,26.83846518,108.5271751,56.08660894,0.489300443,6.997959314,3,0,25.01166613
Mcdonaldborough,Sandy,26.545448,57.81327108,78.61341563,7.378946707,13.43797986,2,0,70.75567828
Port Michaelville,Sandy,15.62526542,153.4105806,89.65560673,3.566324553,7.020855518,1,1,41.45761417
Lisahaven,Loam,32.03710241,92.83428845,88.34986902,20.57183401,12.40078787,4,0,67.60498809
Lake Cheyenne,Clay,31.91617228,137.0128995,81.32733523,7.87830826,11.43972578,4,0,85.95801406
Maryville,Sandy,31.9562335,108.2331151,64.52303395,19.12000805,9.902363595,2,0,28.84243178
New Kimberly,Loam,15.74130532,83.91326201,31.92348324,5.709745873,12.33714605,2,0,68.13339793
Jacobton,Loam,24.54058686,72.08344989,78.11161983,2.652568391,,4,0,98.89760066
Port Denise,Loam,36.89960087,135.7955659,50.40922211,11.38768425,5.720677135,4,0,23.46782276
South Samuelfurt,Loam,19.86221978,156.8011026,73.19221284,1.857979199,7.509711223,2,1,36.64108213
Romanstad,Clay,32.86293682,92.54073261,48.45054112,24.0712628,8.490342683,2,0,88.74086178
Moorehaven,Clay,35.5833359,194.267789,80.43528233,19.18791995,11.17103426,1,0,51.82908936
Fieldsland,Loam,22.94789007,190.5956151,30.29439504,13.14509569,14.44480971,3,1,90.41666308
South Christina,Clay,25.89668816,,54.30192138,7.618531619,14.7014522,2,1,10.93047463
Amymouth,Loam,16.17366078,162.77327,40.59306705,2.871251208,5.448209127,2,0,65.95496998
Robinsonchester,Loam,20.73514586,109.9612972,47.60786055,13.39472077,5.010511691,4,0,91.593278
New Eddie,Clay,38.73484237,129.2641889,86.89624901,10.62165119,11.00222334,2,1,49.64613365
Port Cheryl,Clay,22.56440468,100.3572245,44.49482137,13.0944636,,2,0,18.32082137
West Sonyamouth,Clay,24.69904307,51.20002344,72.31221112,14.63082672,6.961889652,2,0,78.59030346
South Dariuston,Peaty,33.48239559,72.82935418,44.20109595,18.88803321,9.847328733,4,0,94.06101782
Heatherhaven,Clay,38.43994372,95.75423616,47.72450365,3.133238083,6.909698138,2,0,22.72805176
Portermouth,Sandy,33.89026419,166.8107703,37.10182395,12.83692297,14.46660172,3,1,26.82584428
Stephanieberg,Clay,19.49075701,169.3844197,37.96964487,13.59426092,14.43110861,1,0,52.58267367
North Christophermouth,Sandy,18.31460973,99.20102289,61.47207625,24.93290796,14.8994238,3,1,34.62276103
West Richardbury,Peaty,39.33363379,124.5999301,45.4783198,14.95073965,7.766817923,1,1,68.60783147
Perezburgh,Loam,30.53201657,119.1669467,72.30248557,20.55113693,,2,1,26.83144592
Port Kathleenville,Loam,27.24554999,110.8417313,33.76775056,12.42893491,,2,1,79.76285035
Benderborough,Clay,21.84538078,136.3247347,46.28630539,9.344556995,7.533169146,1,0,47.37461175
Dominguezberg,Clay,33.55006138,,70.8650724,0.677702056,14.86449736,4,0,82.84384357
New Leslie,Clay,28.35362131,57.13987559,30.9661098,6.70767332,7.355566894,4,0,54.33294079
Longview,Sandy,32.43175493,97.36149591,83.6530371,18.63877505,11.53979405,1,1,84.92720405
Port Megan,Loam,33.36872145,67.95171216,69.63122534,12.92288449,13.64507169,4,1,83.20030352
South Patriciashire,Loam,24.96823283,199.3658643,45.38459039,3.351280568,7.086308093,2,0,55.10493254
North Michael,Loam,37.54397085,122.7479889,85.0523165,3.060746128,13.93079431,2,0,82.79429361
Danielburgh,Peaty,18.61592842,82.32678685,32.17717901,20.49854892,12.8424426,2,0,72.35410184
Victorstad,Clay,33.1051592,161.00785,49.54088686,23.27557379,7.523180417,3,1,97.56553679
Petersonstad,Loam,22.16396049,108.3600237,60.19461318,21.59258546,,4,1,38.19583071
North Allison,Sandy,27.18077372,56.36385452,73.92728864,0.51912815,12.74422785,3,1,59.81708582
Wileyshire,Clay,25.25308346,166.0608395,88.95236899,10.04281802,10.81527108,1,0,90.68746391
Hugheschester,Sandy,16.31954681,83.18775689,37.68058649,3.838916251,7.869818802,3,1,24.07187507
Mitchellside,Sandy,25.33054259,51.79416861,46.56255071,6.765784296,11.37143777,4,1,92.38427503
Mitchellburgh,Sandy,27.9983491,132.4337113,81.37984005,23.24166956,5.423238549,2,0,87.71487409
Russellfurt,Peaty,28.47238876,146.9516294,31.73688377,15.34249025,7.704449532,1,0,54.54020567
North Kathleenmouth,Sandy,33.0634781,130.8448452,69.8830559,21.15170667,7.178074554,3,0,66.76553996
West Shelby,Peaty,27.52396197,124.8130443,33.10630571,2.672681139,,3,1,90.86648933
Lake Alexander,Sandy,31.96229523,84.89864996,73.44232579,17.70276478,13.58152359,1,0,41.48632788
Sandrachester,Peaty,22.59506375,170.9575083,59.74297128,2.484492988,14.50089701,2,1,90.93402429
Cynthiashire,Peaty,20.63210636,133.3484401,38.33902967,4.273908638,11.5467703,4,0,59.40887648
Gilesbury,Sandy,32.14083742,166.040079,81.31491151,23.64628456,11.15383844,4,1,55.03319186
Mccallfort,Sandy,37.70267515,113.851336,89.99904082,13.82600093,12.11526303,2,0,71.63347307
Jasminestad,Peaty,22.19480856,92.17010916,64.16654557,2.884510254,6.16231165,2,1,54.08589939
Coleside,Peaty,22.13811096,198.8257752,65.45851501,20.8446641,5.337484024,1,0,20.81432303
Saraton,Peaty,30.3172063,199.0051123,67.15722686,5.284066782,5.307437352,4,0,12.47714075
South Scott,Sandy,39.38916338,66.38460279,52.99171528,3.898452915,6.014981439,1,0,56.10023211
West Christopher,Loam,34.49903154,171.8708193,32.90603958,15.7175031,13.67524149,3,0,45.59409331
North Dawnton,Loam,24.60478703,78.05115501,67.3383433,1.492029381,,4,1,31.14666061
Barrhaven,Loam,38.72865483,164.988617,41.66844538,10.7105329,7.677089626,2,1,72.35062862
Port Jeffrey,Peaty,17.02881698,50.89003449,63.32834254,13.81717784,7.082591264,3,1,59.5107345
Gregoryberg,Peaty,27.7971934,60.11477145,65.97386401,16.51658599,13.42792454,1,1,72.86706843
Chandlerburgh,Clay,31.79961147,120.1408047,49.11564363,5.604381602,8.024487927,2,0,59.24286817
Michaelview,Sandy,27.31606225,149.5439034,32.34785388,16.36915086,11.06797983,2,0,39.2306381
North Ricardotown,Loam,17.63909277,67.36982333,86.67294031,14.92275842,5.781646633,4,1,32.69332155
Andreaburgh,Sandy,24.62796948,190.4965031,38.77929455,15.98673246,12.45504595,3,0,79.9607567
Manuelside,Clay,27.69008,123.0484266,71.30522456,13.84326874,13.72735118,2,1,19.45535664
North Brittanyview,Sandy,26.80164079,162.9776957,77.00483198,13.75616687,13.86861005,3,0,48.63070937
South Marcusburgh,Sandy,39.64065884,116.0133748,79.12377118,15.16890361,5.060002503,3,1,80.46597876
West Jeanette,Clay,38.51689729,131.094508,52.88937006,10.15611107,14.67845295,4,1,32.55737895
Jackmouth,Sandy,17.23929529,56.22040874,87.69638914,12.49586898,7.037425575,4,0,51.62236195
Port Michael,Sandy,35.49500304,,38.57520772,7.413256656,5.733724931,3,0,84.0987217
Shawnaborough,Peaty,27.27629271,146.3777241,73.14131383,18.26035037,7.49659215,1,1,11.28868667
Wattsland,Sandy,38.29797497,,88.39773894,15.07126015,13.65969025,4,0,29.52395093
Lake Dennisport,Loam,26.33221992,80.53489444,81.80659195,24.21003043,13.15822449,4,0,68.87242533
Huangstad,Loam,15.45387419,111.524276,63.61118493,21.23772423,7.479680037,3,0,33.09858408
Jamesfort,Clay,39.41646426,116.2742933,79.18418743,14.60082977,12.65004388,4,0,63.99137604
Lake William,Sandy,28.88963288,112.3784228,47.33982133,19.1660821,13.36123351,4,1,21.51500484
Contrerasport,Loam,20.15342664,161.8175555,43.23139674,10.6224362,11.36905647,3,0,24.08754245
Perryport,Sandy,21.13524343,123.590664,32.67300229,22.45322088,11.52140813,3,0,21.27556385
Cooperburgh,Loam,30.38438875,101.7913002,74.29617685,6.982357889,10.384144,1,1,37.57033962
New Antonio,Loam,35.49267564,191.909142,51.35790478,7.678609884,12.52111691,3,0,71.4870882
Port Craig,Sandy,,196.9377723,65.20842577,9.233286502,7.927018741,1,1,44.40848341
Mirandafurt,Loam,19.84980389,166.3700742,75.42972122,14.35919846,9.638983968,2,0,47.56751539
Port David,Clay,36.63529537,77.16676127,77.74340744,1.975493746,10.5103497,4,1,28.50432717
Shermanberg,Clay,35.76648202,112.8585352,68.63798154,21.97175422,5.059607631,3,0,67.36230734
North Joshua,Clay,16.54622573,150.5711351,54.8541557,9.250268838,9.309774272,1,0,37.1801965
North Sandy,Sandy,29.20567929,148.4865747,68.53753724,20.45664546,9.016227237,1,1,90.51364609
Randyland,Loam,35.60277278,159.1197297,63.30301763,3.614207698,14.82488696,4,1,34.67920862
Port Scott,Peaty,15.30849378,51.06953833,75.47135059,3.314906732,10.1435492,4,0,69.95603249
Amandabury,Loam,39.8311195,198.1430001,83.25620459,16.52712457,8.993707273,1,0,54.30348865
Christophershire,Peaty,28.81986248,166.6231945,60.63721053,22.79415493,8.252767898,2,0,86.61793688
Karenborough,Loam,22.83935519,52.61283927,58.93062307,3.754454887,12.74368077,4,1,69.81838682
Mcdonaldfort,Clay,22.49374622,90.82301542,86.42361485,17.81151425,13.40737207,1,1,28.77436981
North Matthewburgh,Sandy,16.38209328,90.0348569,86.57107137,9.963311676,12.2697433,4,1,81.91357778
Tylerfort,Clay,35.31140939,144.1611886,68.2647844,10.39508878,8.445416981,4,1,20.39282366
Janemouth,Peaty,39.396987,74.83894473,39.81213888,20.927063,13.67638743,1,0,33.72173619
Smithbury,Clay,22.69922641,139.9976378,49.84419306,19.65961964,14.85107581,1,0,39.26126685
Johnsonview,Loam,20.77691779,153.0265205,76.73792735,15.67960536,5.006747205,3,1,63.80520923
Taylorland,Sandy,,150.1271728,72.15799297,16.82737287,5.832594266,4,0,35.46079523
Dannyberg,Sandy,25.09081166,148.2755597,61.3129735,9.969165321,12.67495139,1,1,79.81068467
Mariebury,Peaty,15.7041993,,44.2522979,20.71994288,12.50730107,4,1,44.2832221
Henryshire,Peaty,25.08030476,72.70343946,38.09213746,1.39207946,5.873999744,3,0,69.91390675
West Robertport,Sandy,30.00690208,137.6793668,52.79938224,9.644916424,8.05231896,3,1,87.62141691
Heathermouth,Clay,25.92018882,59.82304399,72.96169506,19.92230629,5.898704807,2,1,52.59750091
Lake Cindy,Loam,15.50405388,196.4205479,86.99559159,1.488489489,13.60124524,4,0,66.3218389
Lake Dennisport,Peaty,16.62674954,143.0319627,67.28598124,4.079009213,8.685892267,4,1,28.34984942
Johnville,Sandy,,148.059077,83.95542879,11.78642548,7.340462091,2,0,52.57308336
Mayerview,Peaty,28.76062135,,68.92196297,13.76114011,7.798358159,2,0,73.39124458
North Brandy,Sandy,19.19942301,172.3860638,52.19852421,14.82342844,13.57771764,1,1,93.27688344
Navarroburgh,Peaty,29.40496501,173.569315,33.3212814,10.22370022,10.51608179,2,0,20.96184461
Lake Allison,Loam,19.19037257,122.0995037,52.82314921,6.207389086,11.86485191,4,0,85.98703322
Port Teresafort,Loam,21.02824357,172.4339874,51.27004519,13.48055853,8.075899138,4,0,35.6280175
East Tyler,Loam,31.61565653,143.1161048,62.01177706,2.303382441,14.44952824,1,0,69.50257286
East Nicholasmouth,Clay,38.75469581,73.39346117,58.96495977,18.28662674,11.79428214,1,1,70.77323681
New Kelly,Sandy,30.04376041,95.79134736,42.56217284,8.906850757,14.49470273,3,0,82.46558994
Port Michaelville,Peaty,24.47172947,143.0189309,66.94072847,0.429063565,,2,0,51.1095214
Lake Monique,Clay,31.15030859,175.7848799,82.47180718,2.082764306,14.02601248,4,1,19.48684846
East Brettside,Peaty,36.67385635,192.7621261,67.10132664,7.677417273,6.415610409,4,1,79.82548137
Jamestown,Sandy,31.33026285,150.6536763,51.57894981,7.508643501,11.13697616,3,0,66.46069609
Campbellborough,Peaty,22.71008486,113.540041,79.38830075,17.86223518,11.20339486,2,1,99.79339156
Morrisburgh,Peaty,32.67738926,61.24089596,40.57137698,22.80400107,5.914191635,1,0,91.13116731
Port Jeffreyberg,Clay,26.13641838,111.3129526,86.57829747,20.0685608,14.60522103,1,1,64.20434896
Port Robert,Loam,37.9649124,100.0990624,84.25928553,12.1407291,7.711172014,2,1,81.60862375
Margaretburgh,Sandy,39.5883497,195.0223797,65.97100967,6.440495644,8.711994733,3,0,28.85257776
Paynefurt,Clay,,133.842432,42.78254874,20.0291379,8.79444044,2,1,37.1717629
Lake Monica,Clay,38.30602077,,81.8934766,21.56657553,,2,1,80.16022825
Lake Caleb,Peaty,30.05160898,105.9809972,38.26736567,2.682533828,11.3245856,3,0,45.09077305
South Jessicaberg,Peaty,24.77838605,101.8715761,71.57698853,14.57864878,14.42304769,1,0,38.43358799
East Jameschester,Loam,27.20831553,144.926473,45.77696195,19.8397644,11.17674453,2,0,90.08646067
Simmonsmouth,Peaty,15.93121831,105.7715695,40.83915885,23.39645984,7.062436739,1,0,60.49703756
Port Jeffrey,Loam,37.84189157,77.93245741,43.04996287,11.19394182,14.95917419,3,0,19.63654645
New Alyssa,Sandy,20.6853861,,62.94682853,7.103393168,12.68872108,1,1,95.03577054
South Keithchester,Peaty,16.6577208,130.0319618,35.7433314,3.586014803,9.063803094,1,1,30.72733552
New Amandafort,Clay,15.26171308,140.8270937,85.96403677,24.49362197,8.47254977,2,0,27.7784031
Michelemouth,Clay,34.23140434,78.91065447,56.00169393,23.90648686,14.88891939,3,0,21.80542363
Josephberg,Clay,24.81964796,,54.53167732,20.85745797,12.51694853,1,0,21.82161533
Desireefurt,Loam,23.59466437,199.522131,63.12420999,23.18656988,,1,0,51.404181
South Martin,Peaty,15.11655857,67.23420513,39.24320818,9.0733742,6.401341151,1,1,45.19259788
Wesleyhaven,Loam,32.04441341,,53.36630136,2.251498196,14.91883467,4,0,72.57144536
Wellsburgh,Clay,16.85307343,140.6255609,55.03144981,16.76641254,12.62014773,1,1,46.17972608
Williamsshire,Clay,30.9605138,122.5432512,35.25430252,23.76597063,10.14625658,4,1,84.30258226
East Laurenhaven,Sandy,,100.9582946,50.35473164,9.747207758,5.064214248,3,0,46.94860026
Port Jennifer,Loam,37.05140243,196.3829571,58.66692416,3.359354201,5.87328011,3,0,63.65414359
Longbury,Loam,22.80376544,108.6042958,69.63497744,7.367295743,10.98299097,3,0,75.15613146
Greermouth,Sandy,16.75598067,72.1924115,73.20268292,7.566432121,5.095143546,3,0,35.62393262
Armstrongburgh,Peaty,25.48735694,133.5319541,53.34742699,16.40181815,6.970548077,1,0,17.15829188
New Kelsey,Peaty,28.27960351,130.4965432,44.00230396,9.568937673,5.888900877,1,0,86.67223163
East Sandrafort,Peaty,21.53827304,104.0412924,79.39181725,22.84960767,7.338748841,4,1,15.79909053
Kramerburgh,Loam,29.35433201,,64.68895586,23.56793508,11.19476327,4,1,24.91581064
Christineton,Peaty,35.9081974,122.9036465,75.81006679,6.289534483,11.79401429,1,0,58.54851458
Karaberg,Peaty,39.7152372,92.61863332,70.28385972,21.41123741,5.56897895,1,1,28.53757842
South Antonioberg,Clay,28.00152396,114.5588233,75.53298759,19.20160567,,4,1,77.30297744
West Marcus,Peaty,30.54207928,129.6043908,74.60087993,12.03765006,6.941532837,2,1,89.32466308
Carolshire,Sandy,15.10258056,142.8843908,67.09921161,15.52964735,12.71377833,2,1,66.21972665
Lake Michael,Sandy,15.31535914,139.9659623,56.98833213,14.46387538,12.18144965,1,1,34.78450831
Lake Darlenebury,Peaty,32.27102411,134.2454608,89.2253447,14.4434284,9.820666235,1,1,13.65938459
Sydneystad,Sandy,37.13945573,197.4929099,82.14157945,8.20708519,6.109399332,1,0,97.88185717
Glennland,Clay,17.78560442,161.8501788,80.32512383,14.37486706,7.740928237,3,1,31.1526606
Amandahaven,Peaty,27.13344993,141.5739678,74.20829858,18.56738191,12.4574008,2,1,91.52447211
Port Thomasville,Sandy,24.50553858,85.73108571,77.6465721,24.45205054,12.35473637,1,0,20.00820529
Lake Bethville,Loam,39.76945102,179.8286515,70.70994222,6.701747416,12.00575899,4,1,11.29271799
Port Victoria,Sandy,29.90771315,133.7760341,78.12704835,21.63131784,14.80667336,4,0,26.5123172
Lake Timothyview,Loam,30.85125642,102.7682998,84.27451995,5.663506215,12.77079938,2,1,20.0887778
Fernandezton,Sandy,16.83063336,91.0778009,78.89169539,23.8792759,12.84200479,2,0,49.43210581
Port Patrickside,Sandy,17.92718492,,75.82790281,14.66341791,11.34296967,3,1,46.73435965
Simmonsburgh,Peaty,37.6867048,160.1230052,30.72745347,2.161681098,6.438670879,2,0,91.29608409
Caldwellland,Peaty,36.36059251,127.9277039,58.56635974,14.14793688,12.11786548,1,0,38.39271285
West Amy,Sandy,20.72356444,87.02190017,77.46218395,15.21296926,7.80495415,3,1,29.3170833
North Jessicatown,Clay,17.60577198,169.80166,61.71305037,4.377932394,,1,1,55.41169969
Schmidtberg,Sandy,20.84333034,127.7111601,40.77849184,0.057287095,12.19281226,1,0,34.5911868
Morenofort,Sandy,23.30468009,159.4418176,30.41693092,12.38967819,14.07425794,1,0,29.8983673
Sarahborough,Loam,26.08495131,131.8932684,61.35565494,11.1962672,6.240334772,1,1,18.34910842
Port Allisonside,Loam,28.49936966,161.0537372,52.52626969,13.37625969,10.32624285,4,1,52.1509157
Port Joseph,Loam,37.73119243,169.1662159,67.04046967,7.894480355,9.786650597,1,1,44.16609211
New John,Loam,21.15462638,197.8145404,56.4252404,7.701282486,9.203933494,4,0,20.0976312
Jasonside,Sandy,29.95653552,57.45084544,62.78966551,18.96958231,9.444887494,4,0,13.43156709
Alexisfurt,Clay,17.13673677,150.4202075,88.08521142,0.405668433,14.66970476,1,0,68.88916869
New Kimberly,Peaty,16.81367623,159.5262042,63.52864437,19.84498917,13.33936215,4,0,29.60990883
West Billyborough,Loam,25.92320988,57.18673924,39.51402645,8.66645288,5.884698144,4,1,44.49713521
New Shellyview,Clay,32.46930103,161.2037188,76.90949399,17.49830027,13.8112195,3,0,16.8515659
Port Amyton,Loam,29.27968869,70.86402011,42.96826568,23.86021115,12.85662534,1,0,50.36906387
Kimberlyton,Peaty,29.52971142,186.4117735,52.60543446,24.38811652,8.996611027,4,1,46.02385986
South Amy,Clay,27.08292806,108.2981453,35.32225101,0.711790474,6.907814757,4,1,11.11365502
Brendafort,Loam,31.32827127,120.4590075,63.05130001,9.543935324,12.12963213,3,1,14.7562754
Ambertown,Loam,17.0346474,81.6855004,83.96244739,7.027973184,11.20149393,3,0,52.94428156
Port Bethany,Peaty,15.44719321,64.17356441,32.96480455,1.746003401,5.642063217,2,0,56.82214804
Deanton,Clay,32.24271351,152.9111041,65.03868078,0.433329844,5.210359538,1,0,56.72591294
North Clarence,Clay,36.90403267,185.5526341,52.48501206,9.791893984,14.03419766,4,0,64.73778597
North Gregoryburgh,Loam,37.91359824,151.8759716,41.51755269,10.33858597,7.647822264,1,1,89.47858102
Shannonborough,Peaty,,,47.01511985,16.17988494,7.827520273,1,1,46.23993697
Salazarborough,Clay,18.10558953,67.69625321,34.22226022,14.8303309,13.49102497,3,1,21.36576202
Emilyburgh,Clay,36.24219059,107.9031365,48.06814329,21.75594813,13.10980965,3,0,34.37632477
Lake Carolyn,Peaty,,128.2064836,70.76701778,20.66708379,8.159293799,1,0,10.20728368
Port Nicholashaven,Loam,36.8014497,148.2183543,87.19500474,7.262785305,6.212576713,2,0,40.07244105
South Jenniferside,Sandy,25.08295117,186.6142998,49.77404997,21.26490945,13.29499699,1,0,63.08803806
West Joshua,Sandy,18.9697184,94.51652721,44.26999352,5.345318571,11.69822953,4,0,84.56966883
Michellebury,Sandy,33.35254376,179.2793507,47.88564049,17.96672944,7.409084125,4,1,78.06203109
Suttonburgh,Sandy,17.04594239,,37.49809438,1.460593355,6.751905565,3,0,87.36607027
Singletonbury,Peaty,31.12898139,162.6736972,83.32314552,21.8055369,6.155327399,1,0,43.16484499
Manueltown,Clay,35.20122757,162.0604487,79.22587899,16.43587439,5.423500065,2,0,72.62827735
South Ann,Peaty,15.51414652,77.75800353,74.46134619,23.77818491,10.36616065,4,0,37.65855309
Smithland,Clay,37.78106553,185.0783495,55.51887073,21.3578861,14.3904365,1,0,53.06806227
North Melissaborough,Sandy,27.81631134,154.6063626,73.92475805,5.20572511,7.550445717,4,1,87.26609785
Bishopville,Peaty,15.23418942,150.7622197,36.90695644,18.51099636,6.845091267,3,1,90.16086335
Deborahshire,Peaty,25.13777125,156.7668772,87.69218946,13.01528538,6.902566583,2,1,64.0913301
Freemanhaven,Sandy,31.00754683,190.4153784,61.10280776,18.57140082,12.50280761,3,1,42.76496309
Morsestad,Loam,25.5328087,199.684062,40.82499144,10.72729339,10.10065095,2,1,38.89396821
Ashleyburgh,Peaty,37.10743352,122.4927974,77.23959569,16.88282411,14.77902772,2,1,53.58350086
Zacharyberg,Loam,19.52592465,180.3424137,69.15202381,2.274572663,13.8031173,3,0,68.49503595
Lisafort,Sandy,20.10305951,139.4275719,59.91251378,7.655959263,6.276861175,3,1,99.40093348
Lake Andrewmouth,Loam,24.30853164,170.8244823,38.15115402,8.437996778,8.020921966,3,1,51.77809492
South Eric,Peaty,28.09213163,77.25352865,78.1191641,4.676035002,7.24176291,3,0,49.67933977
New Kimstad,Sandy,19.70429675,100.8694091,83.09452546,12.92109147,5.992203071,4,1,14.77657168
New Jessica,Peaty,38.39687152,157.888659,64.3821359,20.45964797,5.549194943,3,1,28.9547404
Andradeshire,Loam,,130.1337046,53.11733012,10.30861658,13.90188412,3,0,47.64260233
New Aaronport,Clay,28.42061169,75.92301671,86.75707843,23.58766731,10.59597841,1,1,15.14743742
West Robinborough,Clay,21.02271318,197.2688268,34.69805455,2.950530185,13.18174252,4,0,49.35410709
North Tracy,Peaty,34.46357206,73.0338784,41.6526787,16.48773245,6.746503655,3,1,79.73534307
South Georgehaven,Loam,21.12598243,182.4337587,63.35472665,4.072567082,9.817629638,2,0,57.40123463
Allisonside,Clay,36.78638376,170.1142281,56.04940029,9.03737921,11.04859728,1,0,62.5879293
West Jessicafort,Clay,34.45355632,103.6004713,47.74029332,12.67431412,13.5865008,1,0,20.80874711
Ramireztown,Peaty,37.96972074,188.2772517,58.45190043,19.15190509,6.095304258,3,1,68.7016128
New Xavier,Peaty,22.38037567,130.1540659,77.25414421,6.476912784,9.301453107,4,0,30.75672125
Jacquelineside,Clay,37.95767046,,57.54108457,9.595197686,13.79409506,2,0,91.41216285
South Fernandoport,Sandy,33.14106912,176.7436034,38.00484833,6.387432858,9.577717022,2,1,17.98937242
Klineland,Peaty,21.66518776,70.42873786,78.82712361,24.72714988,14.69561742,4,0,60.03425622
East Jessica,Clay,20.14720841,78.91956867,87.16132153,10.06186498,6.118605918,1,1,89.45452933
Toddberg,Peaty,26.57878642,140.6274559,65.37454652,15.81509269,13.60717466,4,1,73.64176086
North Jeremy,Clay,37.02073422,,86.2834544,15.73345755,5.856343094,2,1,60.50034721
Collinschester,Peaty,29.15978193,154.1664084,78.39972097,12.17192132,9.895775868,1,1,56.1185989
Scottstad,Sandy,17.86159925,136.1377519,88.42912593,16.5104566,13.34610168,2,0,68.29909819
North Edward,Peaty,30.18689911,151.3655577,56.29739688,13.04317754,5.997564263,2,1,10.84441165
Colleentown,Sandy,,191.1633854,54.53699052,20.2770943,11.79774734,1,1,93.59110872
Port Stacy,Clay,33.10259196,187.3512138,41.55127342,19.97674157,10.53213447,4,1,73.43704154
Youngport,Peaty,27.59752977,138.3333839,61.31731247,0.509747249,5.706012218,1,1,44.1899101
Thomasstad,Clay,34.5795433,107.7647788,88.04671645,18.38668197,7.404259655,4,1,89.21721298
Susanport,Loam,25.56481199,119.0968255,76.17423384,5.205343835,13.13048583,4,1,74.38543138
Torreshaven,Sandy,30.30294123,118.1113741,80.29996829,0.925682495,12.14710576,3,0,52.74114197
Thomasport,Clay,31.29714991,112.0785383,88.27100424,16.34093016,10.44588536,2,0,37.29227483
Harperview,Clay,22.71194363,61.12250802,50.07026511,3.13463224,14.02183802,3,0,50.70455289
Baileyfurt,Peaty,34.78868714,100.3640151,53.23223988,17.60419376,6.451380197,1,0,90.70170018
South Kimberly,Sandy,34.63022908,96.6165127,40.14921195,14.8011246,14.56671183,3,1,63.84673639
Tracyview,Loam,30.94291633,164.4778601,71.72919949,1.840236738,10.51433379,2,0,30.24639543
North Randy,Clay,37.88508726,55.46371454,88.68281817,14.67593041,6.615259148,4,0,93.01648486
Lauramouth,Peaty,28.04051186,197.1259242,37.90651728,7.283374601,5.098698742,1,1,43.18687632
South Rachaelhaven,Loam,33.94522455,105.0988366,75.53232051,15.98854822,6.603223695,2,0,72.2648938
South Nancyborough,Loam,25.0202606,107.5368419,33.33368421,22.23682709,11.26067183,4,1,73.34491042
Janetville,Peaty,31.68798753,139.2345387,51.80669144,4.803749153,8.798706461,3,1,82.88947588
North Tyler,Peaty,15.5486588,140.6243009,66.31889688,0.610317837,5.459786176,2,0,39.3380565
West Samantha,Peaty,35.28863911,54.40415485,68.5496992,1.994540016,5.591148944,3,0,33.3058916
Gomezville,Clay,29.12932348,68.33063204,61.98738374,10.55869964,10.05126254,2,1,26.68566555
East Jason,Sandy,33.29873509,184.8791109,40.27153841,5.446357538,14.63784638,2,0,57.04068579
New Emilyport,Loam,33.62776907,151.2466434,51.90534176,2.859704371,5.123591276,3,1,78.67693773
Kathyville,Sandy,30.3568404,172.5691521,37.5149401,4.728196077,,3,1,16.37467488
Gilbertport,Clay,15.36318045,90.28335452,67.92556121,22.70790461,8.927155536,1,0,14.76596838
Rogersland,Clay,35.98172601,104.0999934,59.11167425,6.758283664,6.290570135,2,0,44.64169643
Lake Kyleville,Clay,27.38312705,138.5104648,65.84769401,23.10520388,11.15209512,4,0,81.78202501
Smithfort,Peaty,32.26649286,,46.47312802,0.539375478,7.216395552,4,0,40.88586333
Williamsburgh,Peaty,37.45282772,198.7534091,48.04728825,3.947518767,10.27505353,4,1,27.95971154
West Edward,Peaty,29.17503183,145.9058827,33.87935127,11.44887074,14.93128013,1,1,95.76843406
Jessicahaven,Loam,23.16515838,181.8087545,65.46768899,20.53114505,13.30784788,1,0,86.56940738
West Melissa,Sandy,38.28677895,133.9832189,30.77710717,5.574455161,6.680576617,1,1,13.91610629
Scottville,Loam,30.50357357,73.32113102,86.31965073,22.15670725,10.4361647,3,0,60.46145043
Port David,Sandy,18.79614529,123.6319346,37.02257489,1.692380585,5.473229699,2,0,67.92716254
North Brittany,Sandy,21.43028826,153.4126776,72.2166128,1.028130701,8.950784154,3,1,67.795811
Jeanview,Clay,21.28358606,94.80960503,41.41082545,18.82069631,7.59619693,3,1,36.28306511
North Megan,Clay,34.70758279,,31.34743161,5.725226101,5.535430995,2,1,12.00728395
West Deborahburgh,Loam,36.92248219,67.6698642,55.19599799,3.651725007,5.360101177,2,1,70.72974288
Port Shawnhaven,Loam,29.36068771,171.8435672,49.51525965,14.93992076,14.70566281,3,1,31.22517036
Brookeville,Clay,25.76403501,,87.19498471,4.838865634,9.728148425,1,1,26.1067318
Wheelershire,Peaty,,142.3714623,37.24428548,20.04774869,12.86059659,3,0,35.01500038
Freemanmouth,Loam,34.91611376,172.3734269,74.35647255,10.83750033,14.31008604,2,0,60.66639238
New Johnny,Loam,17.98870253,97.49306688,55.29257879,2.808973947,11.93045413,3,0,68.34514552
East Kara,Clay,30.26233716,176.8784474,35.24815355,17.99441568,8.610999992,2,0,77.46897443
Pageside,Clay,39.98665277,131.4657711,46.45070982,24.70282801,7.906086069,1,0,26.3060486
Garyfort,Clay,,,61.8988602,11.45443268,11.50339103,4,0,17.52109592
Deborahburgh,Sandy,39.84666759,135.370209,62.69650153,4.454089878,5.338992246,2,1,54.7126548
West Susantown,Loam,32.23883913,69.80020507,77.27614657,1.744275653,5.927339812,3,1,23.64277545
Port Stanleymouth,Peaty,35.56068445,195.0348399,84.71856932,12.72952564,6.988122561,3,0,19.71409009
South Lindsey,Clay,34.12528534,104.8084186,81.89586166,15.41201229,14.24622874,2,1,27.01782235
Barkerland,Sandy,39.96285584,126.3196687,54.03553322,7.789825955,11.87878805,3,1,53.72286785
Williamburgh,Clay,19.91862503,150.8751142,72.97202145,17.76423409,12.19119635,1,0,65.81309112
Lake Charles,Peaty,33.58734133,137.2750005,32.07824131,2.593604958,14.54992917,4,1,57.41511197
Port David,Peaty,28.98610052,125.3847112,84.748092,11.86231627,9.820059602,3,1,91.30125331
Brownmouth,Loam,29.60669282,54.15437621,77.81995869,16.65962871,14.11950619,3,0,19.51428075
New John,Peaty,28.66955862,,31.96469039,5.662231328,5.121741809,2,0,38.97504646
Moodyland,Clay,32.99498472,173.2473763,83.13790787,6.194602272,11.1647008,1,0,42.8854639
New Amberhaven,Loam,17.98759067,162.1433019,78.05131131,24.99433837,8.515711267,2,1,41.67266307
South Angelatown,Sandy,19.46461055,113.4206863,40.45280777,6.096702687,6.438064036,1,1,15.12845286
Sherrystad,Sandy,17.41643219,125.3613405,37.77519522,0.769980549,5.01349302,3,1,12.54184952
Mooreside,Clay,36.29206326,184.3937131,31.51033451,2.279439766,5.177081945,4,0,51.49328135
East Kevinmouth,Sandy,37.19979417,87.2365879,83.45317642,11.19781494,6.895471944,4,1,42.49760102
New Roberttown,Peaty,30.58529208,135.4761413,74.1062604,3.896067978,8.574533476,4,1,21.11696483
Porterview,Loam,31.81553981,78.31042836,73.09748776,21.61714418,10.68661129,2,1,67.67298509
Villanuevatown,Loam,34.40586208,112.350869,67.151866,4.470711441,6.443453162,2,1,36.51513613
North Steven,Peaty,28.58019153,118.4016895,75.13352019,13.09776566,9.865614271,4,0,42.65308906
Aaronmouth,Loam,22.53178543,124.2871378,69.94490699,14.97020312,12.57901863,4,1,45.60539648
Port Michaelport,Clay,,172.93061,63.76598314,14.08590334,12.53874018,3,0,94.88886932
New Edwardberg,Peaty,16.48501824,,84.6942226,14.32422527,11.04723929,4,1,81.40827074
East Sean,Peaty,33.11525104,141.7928688,38.9934934,24.77152477,11.54262241,2,0,72.31600677
Leemouth,Peaty,16.53610608,113.3031539,44.1553253,11.39887729,7.292700015,4,1,14.96768412
Griffithburgh,Sandy,21.45170312,,47.79583274,17.15694334,,1,1,99.93784032
Mercedesview,Clay,34.88635941,137.2369809,86.44811897,18.30473455,9.627843274,3,0,34.47620835
Samanthaville,Sandy,15.64372453,50.44451359,45.41377205,2.789437762,5.586861359,3,0,86.36269165
West Melissa,Peaty,38.68653856,58.34746847,31.75411225,6.083535445,10.25085342,4,0,25.48094847
New Jessicastad,Peaty,17.38335038,94.84954192,89.80122411,23.89594155,10.6614177,2,0,28.99870068
Rodriguezberg,Clay,39.24009827,77.75715115,39.25452043,2.50328023,14.2344672,1,1,96.99084169
Thompsonchester,Peaty,38.44325485,182.5547493,87.45867493,12.22730727,8.178562241,1,0,85.73880743
Reynoldsmouth,Loam,24.78407465,89.45636469,49.78515323,0.075142656,7.779891945,3,0,92.24753284
South Jose,Sandy,18.5328594,108.3344607,81.45794452,23.60417977,,3,0,84.13171016
Brianville,Loam,27.8071281,183.2447959,75.26121372,2.039571603,6.587055325,2,0,64.43991399
New David,Clay,31.63425694,163.0816437,61.70262316,18.50775714,10.77341177,4,1,96.61331726
New Benjamin,Clay,33.95060173,142.606227,62.12580767,20.15679088,12.17176909,4,0,90.8077861
North Stephanieshire,Clay,33.78497909,88.3250162,37.38865325,19.40952594,12.57801343,4,0,82.0507521
South Julie,Clay,19.33233654,,74.47015778,14.16503057,14.85562691,2,1,98.59703949
East Timothymouth,Peaty,38.44368174,186.1698585,49.92661804,23.32313823,6.285235772,2,0,57.12177312
Hansonshire,Sandy,22.37176208,175.7167117,62.51799646,16.90421522,14.05403863,1,0,44.68107255
Howechester,Loam,15.04422619,171.3064311,37.27382048,15.59526309,5.361802401,4,1,24.34733208
East Lindsey,Sandy,22.70845508,127.9712246,51.55630951,23.25642351,7.533614651,3,0,52.62786953
Lake Lorimouth,Sandy,30.1333955,122.1453114,61.01380441,17.29163405,5.304032628,3,0,20.30256082
Joannamouth,Sandy,25.00733433,,43.16318574,11.43464643,14.33352779,1,0,13.29296382
East Kristopherborough,Clay,32.76375118,54.31478682,59.35021782,13.09175376,7.211585335,1,0,57.95009461
North Hannahfort,Clay,29.86187512,124.4567744,86.53645373,13.60452106,11.37656276,1,1,20.7842671
South Catherinemouth,Peaty,23.61479013,162.458343,67.91436187,7.08928044,10.57739778,3,0,66.70060392
Christophermouth,Sandy,31.60603809,80.84575371,33.01352156,15.0883338,14.4579573,1,0,19.96128054
Jonesville,Clay,39.28318975,132.9815618,65.26734335,23.86090845,12.77826401,1,0,51.20510998
Ryanstad,Clay,27.3642316,,64.93477871,8.93043601,,3,0,96.11980646
North David,Clay,28.80036238,158.7627977,82.93227253,3.751192374,14.50328084,3,0,52.02893272
Munozfurt,Clay,20.10816559,187.3570135,70.67157804,14.23765175,8.268231754,2,1,29.66222537
East Emily,Peaty,29.92180772,,85.87460527,10.62902078,9.179583424,3,1,32.03055274
Laurenville,Loam,39.88577326,128.5153419,61.36957911,23.07073209,,4,1,72.33220196
Port Alexandramouth,Loam,30.08810286,147.0054827,88.51703594,15.17090575,5.653753223,1,0,98.31998128
Nathanielfort,Clay,38.18667027,121.1740178,76.52893578,3.437858804,5.174839452,4,1,41.1183722
Melindamouth,Clay,35.3147949,183.6137905,81.10189033,9.097498398,10.09695864,2,1,30.06855851
Smithtown,Peaty,19.66610475,104.6871046,88.14507938,15.77541087,5.788870899,1,0,92.02334426
Houstontown,Clay,33.530069,114.8192521,73.43749236,0.556124686,5.362245301,3,1,82.75008792
Port Mitchellstad,Loam,30.80887465,153.9668753,75.1462696,10.32099927,12.23160765,4,0,49.15271891
New Ronaldbury,Sandy,35.10239622,51.76338854,73.38701954,20.08778041,14.80416129,2,0,61.41364299
West Alyssahaven,Clay,39.99433664,95.10863313,89.47431329,15.21203351,5.766375128,4,1,53.08371322
Stevensburgh,Loam,39.68050542,156.6447364,52.37473694,18.78053371,13.94621763,4,1,53.20451925
Port Darlene,Sandy,17.43931233,142.5097021,72.05565045,7.306030302,9.272728721,2,1,43.08609745
South Aliciaport,Clay,37.51962218,71.10061499,31.49392459,8.935511806,13.0326159,1,0,71.77716769
Christopherstad,Clay,18.84955535,117.5728403,40.35136762,1.762503298,12.74463049,4,0,71.17688019
Hughesborough,Peaty,37.60001928,96.68838405,62.87110403,6.823252191,14.56144749,3,1,54.34650431
East Lindashire,Sandy,21.57229383,183.0215457,81.18434252,4.067265132,5.107143782,2,1,49.53176136
Jacksonview,Sandy,21.63346446,,53.23359638,11.95624277,13.00454621,4,0,73.93951375
East Johnburgh,Loam,31.18467248,,45.21540248,20.38384158,9.602774822,4,0,19.88381034
Port Mark,Sandy,32.72730107,82.68975498,71.50029534,4.735798641,9.112118728,1,0,58.79857381
West Terrichester,Loam,30.29127505,66.55221548,67.14993553,4.088555969,11.1677943,1,1,32.80778638
South Joseph,Loam,30.17284101,118.7551125,62.73925676,12.28686177,11.57898422,4,0,65.23825909
North Stephaniefort,Loam,29.01037566,79.99252553,37.08832835,18.29158263,10.91733089,2,1,91.41939673
Nancyburgh,Clay,30.10743058,104.9902656,62.90004988,5.415377692,9.253885625,2,0,88.23390669
Sarahside,Sandy,30.40039377,92.37232664,64.52066182,19.37514998,10.75708669,4,1,57.63809605
Lake Aprilside,Loam,36.17688293,59.59380694,41.79870425,19.98986424,13.95145016,3,0,13.22653719
New Kimberly,Clay,20.17808586,70.27931691,33.26909071,9.837381945,8.281239461,1,0,67.69481281
Rileyside,Loam,,106.4611882,55.46424091,1.206530953,9.825162717,4,1,30.75575208
Ginaside,Clay,16.43337904,,81.53000581,1.351958435,8.209053502,4,0,45.13327806
Shannonton,Peaty,16.71172832,77.61058079,33.66538805,0.665333606,11.01742066,3,0,88.79747936
Brianborough,Peaty,25.98494729,199.7216071,67.99884199,19.53609219,12.46616618,1,1,50.98716484
Lake Jimmyborough,Sandy,39.92231315,188.8958716,60.98731288,16.90760647,13.90857974,4,1,98.81107856
Joelburgh,Peaty,26.598996,105.3544438,51.26514102,13.31045275,8.284912288,3,0,90.54148964
Carrieside,Loam,16.3356016,177.0533615,81.24236477,24.53335266,10.40301453,2,1,11.37432352
Arielbury,Peaty,34.22847471,172.3037641,48.47983924,6.377600237,14.66749449,1,1,56.7557611
Schroederland,Sandy,24.89543327,176.0426423,60.45165746,0.775335163,7.883184016,2,0,38.00437011
Sarahmouth,Sandy,16.11223953,106.7729695,69.4315703,20.72058498,14.94193058,1,1,81.75824076
Jorgeberg,Sandy,17.00320047,160.5323305,39.1712988,4.40671551,,1,1,23.31927783
West Robertmouth,Sandy,26.34160624,66.00038209,78.44315694,4.223948552,7.009336398,1,1,52.41952261
Sullivanfurt,Clay,18.36950258,133.5627718,30.14318232,19.49111209,7.217112589,2,0,30.66143223
Curtischester,Clay,30.33363496,65.25821227,34.99345835,7.550754398,,4,0,44.67006896
Lake Johnshire,Clay,39.48783416,52.39822333,82.9478534,9.226937372,8.177760131,3,1,81.63078972
Ellisshire,Loam,34.10703174,142.6006035,56.43266496,6.572807013,13.40374127,2,1,68.01264461
Brownchester,Sandy,36.46991129,89.54905975,59.29409701,0.364236084,12.74068042,2,0,14.49152302
Kathrynmouth,Clay,27.65274727,104.7108848,75.39271699,12.86007085,,3,0,21.93467535
Port Sarah,Clay,26.24275809,57.99833065,66.43953796,11.58793399,8.17036342,3,1,73.68063483
Lake Carolville,Loam,23.50803849,176.1945641,31.58501796,18.48509449,9.671821998,4,0,61.87466612
North Mark,Sandy,17.09497844,91.72848363,61.7581999,11.00807933,9.732553648,4,1,51.35938899
Millerstad,Loam,28.87172881,191.4847069,52.60613094,21.69693671,11.85185727,1,1,73.69239852
North Ianchester,Clay,35.69856643,,41.67380925,0.191651096,5.681988819,2,1,11.89036565
West Jamesland,Loam,21.95569208,139.7758909,34.54739338,5.583222865,,1,1,59.16574019
Michelletown,Sandy,17.57093761,,42.13227536,13.95125371,7.303202928,4,1,67.80673604
Port Brent,Loam,29.91883624,152.5092946,50.66825328,7.584463468,13.30157909,1,0,57.08521284
East Tracy,Clay,15.95862132,,49.89187929,6.978256322,5.9380272,4,0,48.36352406
Lake Leslie,Peaty,29.79957279,102.3600147,67.6094111,6.644387208,,1,1,45.49081435
West Mark,Clay,22.7003555,118.6721548,67.1217632,20.98545907,13.59363959,1,1,71.30489899
New James,Loam,36.57700279,56.42531248,47.9821707,18.92628525,11.48828732,3,1,67.89528824
West Danielchester,Peaty,26.81486853,86.54065404,86.03439247,18.60711962,11.8632312,4,1,68.56897829
Kramermouth,Loam,29.46070023,188.4458671,85.92454772,0.185354057,8.360087505,4,0,23.75279447
Garnerberg,Peaty,24.93673076,122.3047706,66.63396013,16.52663966,11.77731554,3,0,27.42850117
East Amber,Loam,,87.73080214,66.32874162,0.576609049,,4,0,32.82531893
Stephensview,Loam,25.81119576,124.8817058,47.94634435,4.078916122,10.69126365,2,1,77.36499839
Cohenside,Peaty,30.20006705,143.7596405,62.87468099,1.780801839,,4,0,30.51978217
Ruiztown,Clay,26.4576533,50.13155336,50.73241085,13.37189238,12.18201641,1,1,23.36099113
Lake Jennifer,Peaty,30.68493317,76.98664998,72.83672463,8.777441184,12.86585311,2,1,56.07444029
West Laurentown,Loam,34.89891086,134.657103,46.8381218,9.200013824,7.780007487,4,0,32.77242549
South Stevenville,Loam,23.32399215,186.3090747,30.38833941,1.093620575,8.337183,3,1,31.055076
Youngport,Peaty,37.7184712,167.4928787,56.93265356,18.68629789,6.585079481,4,1,48.66513427
Bennettstad,Loam,16.78359954,90.17581436,32.20214951,2.270684311,10.87118488,1,1,70.88329847
Joannebury,Loam,15.22472378,190.7207028,79.96491528,7.136416488,8.299511311,3,1,38.80892128
Port Christineville,Loam,34.96292065,135.2710194,69.89218945,6.188443426,12.63007219,2,0,78.59454356
East Mark,Peaty,36.11763382,185.927056,64.72712391,23.17806512,,1,1,42.18585269
Lyonsmouth,Sandy,34.11679466,131.769767,35.19867284,20.94369709,13.86332662,4,1,27.47110245
Lake Shawnahaven,Peaty,26.82306711,72.44033732,49.44383185,21.40517818,6.579508747,1,1,58.55322286
West Denise,Peaty,28.01698955,97.92171076,37.40594827,17.13960612,12.82697551,2,0,19.58304556
Lake Amanda,Loam,21.54887161,194.7791535,46.99482076,21.99966625,7.517702369,2,0,51.50025675
Davidburgh,Clay,25.44387761,172.1244145,46.28401021,22.55261239,5.963173994,2,1,90.31253623
West Lesliemouth,Sandy,29.63988049,101.908131,39.30481247,3.06996804,9.304795795,4,1,29.65977201
Hartbury,Clay,30.03521052,92.85779641,55.02862137,3.79790536,13.52053242,4,1,94.72534075
Valeriemouth,Peaty,32.21084536,,64.97581868,14.70376906,5.70335374,2,1,62.80956859
Shelialand,Sandy,22.85107051,133.1057404,74.15306005,18.20065859,8.288732578,1,0,95.49451699
South Angelafurt,Clay,,103.5981217,53.56358192,3.547442698,11.22676259,2,0,86.25945406
Floresville,Peaty,35.08535406,150.3075411,87.95838578,1.27530971,5.173700942,4,0,37.08796257
Silvashire,Clay,24.33907553,174.5982867,37.7943882,16.84004784,14.90863154,2,0,95.06118628
North Monicaburgh,Sandy,18.70739045,112.1292683,55.65365697,6.694515721,8.071511715,1,1,52.42847081
North Ronaldhaven,Sandy,26.08873687,102.5062641,70.85521872,12.77067102,13.89895836,4,1,37.97460332
Bernardside,Loam,24.08728357,,85.79036903,7.745704471,6.212192163,2,1,83.77257728
West Melvin,Clay,32.20220402,180.5554698,62.85902366,6.030650267,8.731049026,3,0,71.00427987
Gregoryton,Loam,30.49554122,125.5146614,70.81588468,19.611769,14.57841176,3,1,47.48048568
